Tanggal,Jumlah_Kunjungan
2015-01-01,80539.0
2015-02-01,25099.0
2015-03-01,26869.0
2015-04-01,22654.0
2015-05-01,51052.0
2015-06-01,63489.0
2015-07-01,961.0
2015-08-01,35497.0
2015-09-01,7904.0
2015-10-01,23171.0
2015-11-01,16234.0
2015-12-01,36611.0
2016-01-01,18634.0
2016-02-01,14063.0
2016-03-01,16413.0
2016-04-01,21216.0
2016-05-01,21010.0
2016-06-01,3213.0
2016-07-01,26107.0
2016-08-01,18208.0
2016-09-01,20350.0
2016-10-01,24611.0
2016-11-01,14316.0
2016-12-01,26419.0
2017-01-01,19716.0
2017-02-01,16211.0
2017-03-01,19571.0
2017-04-01,25785.0
2017-05-01,23281.0
2017-06-01,12123.0
2017-07-01,18496.0
2017-08-01,17686.0
2017-09-01,24312.0
2017-10-01,27427.0
2017-11-01,25296.0
2017-12-01,26917.0
2018-01-01,17019.0
2018-02-01,17364.0
2018-03-01,21312.0
2018-04-01,31095.0
2018-05-01,21649.0
2018-06-01,26183.0
2018-07-01,19583.0
2018-08-01,22501.0
2018-09-01,27795.0
2018-10-01,32515.0
2018-11-01,28709.0
2018-12-01,28259.0
2019-01-01,19002.0
2019-02-01,17604.0
2019-03-01,19347.0
2019-04-01,27359.0
2019-05-01,4139.0
2019-06-01,38473.0
2019-07-01,19893.0
2019-08-01,15216.0
2019-09-01,22474.0
2019-10-01,24670.0
2019-11-01,29821.0
2019-12-01,39796.0
2021-01-01,3522.0
2021-02-01,3641.0
2021-03-01,3582.0
2021-04-01,3471.0
2021-05-01,3541.0
2021-06-01,2641.0
2021-07-01,2367.25
2021-08-01,2093.5
2021-09-01,1819.75
2021-10-01,1546.0
2021-11-01,1647.0
2021-12-01,1789.0
2022-01-01,19254.0
2022-02-01,17224.0
2022-03-01,19426.0
2022-04-01,5000.0
2022-05-01,11460.0
2022-06-01,13600.0
2022-07-01,14210.0
2022-08-01,12880.0
2022-09-01,13265.0
2022-10-01,12540.0
2022-11-01,11224.0
2022-12-01,19200.0
2023-01-01,11200.0
2023-02-01,11900.0
2023-03-01,11100.0
2023-04-01,1225.0
2023-05-01,11100.0
2023-06-01,12657.0
2023-07-01,12565.0
2023-08-01,11516.0
2023-09-01,12450.0
2023-10-01,13650.0
2023-11-01,12005.0
2023-12-01,12100.0
2024-01-01,12570.0
2024-02-01,19650.0
2024-03-01,5200.0
2024-04-01,19550.0
2024-05-01,16657.0
2024-06-01,19355.0
2024-07-01,20397.0
2024-08-01,21546.0
2024-09-01,19010.0
2024-10-01,22354.0
2024-11-01,21852.0
2024-12-01,22892.0
