Tanggal,Aktual,Prediksi
2016-01-01,18634.0,9046.7910321206
2016-02-01,14063.0,27093.977538139457
2016-03-01,16413.0,23474.883622341273
2016-04-01,21216.0,22080.840464383095
2016-05-01,21010.0,7662.371741743456
2016-06-01,3213.0,15751.164989156772
2016-07-01,26107.0,12325.030490821959
2016-08-01,18208.0,11214.991246832984
2016-09-01,20350.0,19094.59955134619
2016-10-01,24611.0,16217.555822638184
2016-11-01,14316.0,21749.60743198329
2016-12-01,26419.0,15501.374933023213
2017-01-01,19716.0,20108.279105321904
2017-02-01,16211.0,24029.8094239856
2017-03-01,19571.0,21198.937118098824
2017-04-01,25785.0,17093.726858258786
2017-05-01,23281.0,20426.37305222012
2017-06-01,12123.0,24267.367843245884
2017-07-01,18496.0,16546.310670960484
2017-08-01,17686.0,20235.06670796287
2017-09-01,24312.0,18446.369158947433
2017-10-01,27427.0,17383.653257599228
2017-11-01,25296.0,24807.532478353987
2017-12-01,26917.0,25568.459998442962
2018-01-01,17019.0,24999.379358258007
2018-02-01,17364.0,25723.918255223478
2018-03-01,21312.0,16964.165590680528
2018-04-01,31095.0,19572.23463324326
2018-05-01,21649.0,30590.569769604645
2018-06-01,26183.0,24199.600600186695
2018-07-01,19583.0,26917.941507616775
2018-08-01,22501.0,24660.464811689963
2018-09-01,27795.0,22019.26911004445
2018-10-01,32515.0,21189.821296102178
2018-11-01,28709.0,24715.65965146314
2018-12-01,28259.0,29004.15938259018
2019-01-01,19002.0,32932.17879327215
2019-02-01,17604.0,28603.782626704196
2019-03-01,19347.0,17794.20957250588
2019-04-01,27359.0,18521.27976513045
2019-05-01,4139.0,27116.282465899567
2019-06-01,38473.0,17907.83025630072
2019-07-01,19893.0,26500.347255239274
2019-08-01,15216.0,23558.55689966786
2019-09-01,22474.0,18137.2717958035
2019-10-01,24670.0,14211.43790011157
2019-11-01,29821.0,16153.411206504086
2019-12-01,39796.0,17764.11655287094
2021-01-01,3522.0,30580.17580491634
2021-02-01,3641.0,25247.58073202885
2021-03-01,3582.0,18680.142376229243
2021-04-01,3471.0,10449.450775614278
2021-05-01,3541.0,3061.9540434805253
2021-06-01,2641.0,2786.7937348491614
2021-07-01,2367.25,2329.3711725230596
2021-08-01,2093.5,1826.1834093718765
2021-09-01,1819.75,2842.993980507458
2021-10-01,1546.0,2264.586918852997
2021-11-01,1647.0,193.803802608988
2021-12-01,1789.0,1475.5899444546926
2022-01-01,19254.0,1654.2028677199135
2022-02-01,17224.0,5577.554577750518
2022-03-01,19426.0,21387.60577232196
2022-04-01,5000.0,23767.030183473536
2022-05-01,11460.0,3517.931487861644
2022-06-01,13600.0,9247.609065786717
2022-07-01,14210.0,11833.442532059846
2022-08-01,12880.0,13200.522855435687
2022-09-01,13265.0,12564.764277166469
2022-10-01,12540.0,12751.502973984472
2022-11-01,11224.0,12341.921368436593
2022-12-01,19200.0,10936.290721639192
2023-01-01,11200.0,11052.37029212833
2023-02-01,11900.0,10524.51220232274
2023-03-01,11100.0,12569.225210318107
2023-04-01,1225.0,11677.635983935463
2023-05-01,11100.0,6543.153982389758
2023-06-01,12657.0,9441.784079355482
2023-07-01,12565.0,9262.08714128804
2023-08-01,11516.0,10018.68307730859
2023-09-01,12450.0,9770.021406496036
2023-10-01,13650.0,10417.206404285245
2023-11-01,12005.0,11574.91752556305
2023-12-01,12100.0,11622.699690627931
2024-01-01,12570.0,11978.94653733277
2024-02-01,19650.0,10032.952211140268
2024-03-01,5200.0,16123.571711932726
2024-04-01,19550.0,10012.477116657366
2024-05-01,16657.0,14973.154922655047
2024-06-01,19355.0,14994.183197374026
2024-07-01,20397.0,16757.189266057394
2024-08-01,21546.0,19432.53486493173
2024-09-01,19010.0,20756.727712975095
2024-10-01,22354.0,20800.152769176904
2024-11-01,21852.0,23732.320499424502
2024-12-01,22892.0,24853.90823210732
